anime_id,name,genre,type,episodes,rating,members
1,Cowboy Bebop,"Action, Adventure, Comedy, Drama, Sci-Fi, Space",TV,26,8.82,486824
5,Cowboy Bebop: Tengoku no Tobira,"Action, Drama, Mystery, Sci-Fi, Space",Movie,1,8.4,137636
6,Trigun,"Action, Comedy, Sci-Fi",TV,26,8.32,283069
7,Witch Hunter Robin,"Action, Drama, Magic, Mystery, Police, Supernatural",TV,26,7.36,64905
8,Beet the Vandel Buster,"Adventure, Fantasy, Shounen, Supernatural",TV,52,7.06,9848
15,Eyeshield 21,"Action, Comedy, Shounen, Sports",TV,145,8.08,83648
16,Hachimitsu to Clover,"Comedy, Drama, Josei, Romance",TV,24,8.18,130646
17,Hungry Heart: Wild Striker,"Comedy, Shounen, Slice of Life, Sports",TV,52,7.74,13469
18,Initial D Fourth Stage,"Action, Cars, Drama, Seinen, Sports",TV,24,8.24,41584
19,Monster,"Drama, Horror, Mystery, Police, Psychological, Seinen, Thriller",TV,74,8.72,247562
20,Naruto,"Action, Comedy, Martial Arts, Shounen, Super Power",TV,220,7.81,683297
21,One Piece,"Action, Adventure, Comedy, Drama, Fantasy, Shounen, Super Power",TV,Unknown,8.58,504862
22,Prince of Tennis,"Action, Comedy, School, Shounen, Sports",TV,178,8.04,87643
23,Ring ni Kakero 1,"Action, Shounen, Sports",TV,12,6.7,2224
24,School Rumble,"Comedy, Romance, School, Shounen",TV,26,8.06,178553
25,Sunabouzu,"Action, Adventure, Comedy, Ecchi, Sci-Fi, Shounen",TV,24,7.55,65516
26,Texhnolyze,"Action, Drama, Psychological, Sci-Fi",TV,22,7.78,95859
27,Trinity Blood,"Action, Supernatural, Vampire",TV,24,7.44,113791
28,Yakitate!! Japan,"Comedy, Shounen",TV,69,8.05,50876
29,Zipang,"Action, Drama, Historical, Military, Sci-Fi, Seinen",TV,26,7.56,8630
30,Neon Genesis Evangelion,"Action, Dementia, Drama, Mecha, Psychological, Sci-Fi",TV,26,8.32,461946
31,Neon Genesis Evangelion: Death &amp; Rebirth,"Drama, Mecha, Psychological, Sci-Fi",Movie,1,7.51,102093
32,Neon Genesis Evangelion: The End of Evangelion,"Dementia, Drama, Mecha, Psychological, Sci-Fi",Movie,1,8.45,215630
33,Berserk,"Action, Adventure, Demons, Drama, Fantasy, Horror, Military, Romance, Seinen, Supernatural",TV,25,8.4,226430
43,Ghost in the Shell,"Action, Mecha, Police, Psychological, Sci-Fi, Seinen",Movie,1,8.34,223036
44,Rurouni Kenshin: Meiji Kenkaku Romantan - Tsuioku-hen,"Action, Drama, Historical, Martial Arts, Romance, Samurai",OVA,4,8.83,129307
45,Rurouni Kenshin: Meiji Kenkaku Romantan,"Action, Adventure, Comedy, Historical, Romance, Samurai",TV,94,8.43,218928
46,Rurouni Kenshin: Meiji Kenkaku Romantan - Ishinshishi e no Chinkonka,"Drama, Historical, Samurai, Shounen",Movie,1,7.65,33191
47,Akira,"Action, Adventure, Horror, Military, Sci-Fi, Supernatural",Movie,1,8.15,215897
48,.hack//Sign,"Adventure, Fantasy, Game, Magic, Mystery, Sci-Fi",TV,26,7.14,110304
49,Aa! Megami-sama!,"Comedy, Magic, Romance, Seinen, Supernatural",OVA,5,7.41,34590
50,Aa! Megami-sama! (TV),"Comedy, Magic, Romance, Seinen, Supernatural",TV,24,7.45,96694
51,Tenshi Kinryouku,"Action, Drama, Romance, Shoujo, Supernatural",OVA,3,6.46,36352
52,Kidou Tenshi Angelic Layer,"Comedy, Drama, Sci-Fi, Shounen, Sports",TV,26,7.32,39758
53,Ai Yori Aoshi,"Comedy, Drama, Harem, Romance, Slice of Life",TV,24,7.24,66597
54,Appleseed (Movie),"Action, Drama, Mecha, Military, Police, Sci-Fi, Shounen",Movie,1,7.21,49553
55,Arc the Lad,"Action, Adventure, Fantasy, Horror, Sci-Fi",TV,26,6.62,10392
56,Avenger,"Adventure, Fantasy, Sci-Fi, Shounen",TV,13,6.02,12286
57,Beck,"Comedy, Drama, Music, Shounen, Slice of Life",TV,26,8.4,148328
58,Blue Gender,"Adventure, Drama, Horror, Mecha, Military, Romance, Sci-Fi, Space",TV,26,7.13,40581
59,Chobits,"Comedy, Drama, Ecchi, Romance, Sci-Fi, Seinen",TV,26,7.57,266846
60,Chrno Crusade,"Action, Demons, Historical, Romance, Supernatural",TV,24,7.8,140865
61,D.N.Angel,"Action, Comedy, Fantasy, Magic, Romance, School, Shoujo",TV,26,7.35,126914
62,D.C.: Da Capo,"Drama, Harem, Magic, Romance",TV,26,6.93,49909
63,DearS,"Comedy, Ecchi, Harem, Romance, Sci-Fi",TV,12,6.8,91037
64,Rozen Maiden,"Action, Comedy, Drama, Magic, Seinen",TV,12,7.57,128688
65,Rozen Maiden: Traumend,"Action, Comedy, Drama, Magic, Seinen",TV,12,7.78,72645
66,Azumanga Daioh,"Comedy, School, Slice of Life",TV,26,8.06,170901
67,Basilisk: Kouga Ninpou Chou,"Action, Adventure, Fantasy, Historical, Romance, Samurai, Supernatural",TV,24,7.68,98144
68,Black Cat,"Adventure, Comedy, Sci-Fi, Shounen, Super Power",TV,23,7.52,150512
69,Cluster Edge,"Action, Fantasy, Military, Sci-Fi",TV,25,6.48,6995
71,Full Metal Panic!,"Action, Comedy, Mecha, Military, Sci-Fi",TV,24,7.81,256325
72,Full Metal Panic? Fumoffu,"Action, Comedy, School",TV,12,8.21,171086
73,Full Metal Panic! The Second Raid,"Action, Mecha, Military",TV,13,8.06,155340
74,Gakuen Alice,"Comedy, Magic, School, Shoujo",TV,26,7.8,52995
75,Soukyuu no Fafner: Dead Aggressor,"Action, Drama, Mecha, Military, Sci-Fi",TV,25,7.38,27516
76,Mahou Shoujo Lyrical Nanoha,"Action, Comedy, Drama, Magic, Super Power",TV,13,7.52,62582
77,Mahou Shoujo Lyrical Nanoha A&#039;s,"Action, Comedy, Drama, Magic, Super Power",TV,13,8.1,41685
79,Shuffle!,"Comedy, Drama, Ecchi, Fantasy, Harem, Magic, Romance, School, Seinen",TV,24,7.31,158772
80,Mobile Suit Gundam,"Action, Mecha, Military, Sci-Fi, Space",TV,43,7.89,51566
81,Mobile Suit Gundam: The 08th MS Team,"Adventure, Drama, Mecha, Military, Romance, Sci-Fi",OVA,12,8.13,34177
82,Mobile Suit Gundam 0080: War in the Pocket,"Adventure, Drama, Mecha, Military, Sci-Fi, Space",OVA,6,7.85,22609
83,Mobile Suit Gundam: The 08th MS Team - Miller&#039;s Report,"Drama, Mecha, Military, Romance, Sci-Fi",Movie,1,6.95,8078
84,Mobile Suit Gundam 0083: Stardust Memory,"Adventure, Drama, Mecha, Military, Sci-Fi, Space",OVA,13,7.47,20238
85,Mobile Suit Zeta Gundam,"Drama, Mecha, Military, Sci-Fi, Space",TV,50,8.03,28959
86,Mobile Suit Gundam ZZ,"Comedy, Drama, Mecha, Military, Sci-Fi, Space",TV,47,6.81,17517
87,Mobile Suit Gundam: Char&#039;s Counterattack,"Drama, Mecha, Military, Sci-Fi, Space",Movie,1,7.81,19258
88,Mobile Suit Gundam F91,"Drama, Mecha, Military, Sci-Fi, Space",Movie,1,6.9,13456
89,Mobile Suit Victory Gundam,"Drama, Mecha, Military, Sci-Fi, Space",TV,51,6.98,12673
90,Mobile Suit Gundam Wing,"Action, Drama, Mecha, Military, Sci-Fi, Space",TV,49,7.87,86001
91,Mobile Suit Gundam Wing: Endless Waltz,"Action, Drama, Mecha, Military, Sci-Fi, Space",OVA,3,7.87,28485
92,After War Gundam X,"Adventure, Drama, Mecha, Sci-Fi, Space",TV,39,7.39,19132
93,Mobile Suit Gundam Seed,"Action, Drama, Mecha, Military, Romance, Sci-Fi, Space",TV,50,7.93,96973
94,Mobile Suit Gundam Seed Destiny,"Action, Drama, Mecha, Military, Romance, Sci-Fi, Space",TV,50,7.36,65896
95,Turn A Gundam,"Action, Adventure, Drama, Mecha, Military, Sci-Fi, Space",TV,50,7.76,20056
96,Mobile Fighter G Gundam,"Adventure, Comedy, Drama, Martial Arts, Mecha, Romance, Sci-Fi, Space, Sports",TV,49,7.62,36338
97,Last Exile,"Action, Adventure, Sci-Fi",TV,26,7.94,104193
98,Mai-HiME,"Action, Comedy, Drama, Fantasy, Magic, Mecha, Romance, School, Shoujo Ai",TV,26,7.59,76492
99,Mai-Otome,"Comedy, Drama, Fantasy, Magic",TV,26,7.4,36924
100,Shin Shirayuki-hime Densetsu Pretear,"Comedy, Drama, Fantasy, Magic, Romance, Shoujo, Super Power",TV,13,7.33,37394
101,Air,"Drama, Romance, Slice of Life, Supernatural",TV,13,7.48,188861
102,Aishiteruze Baby¡v¡v,"Comedy, Drama, Romance, Shoujo",TV,26,7.58,63959
103,Akazukin Chacha,"Adventure, Comedy, Fantasy, Magic, Romance, Shoujo",TV,74,7.48,7581
104,Ayashi no Ceres,"Adventure, Comedy, Drama, Horror, Psychological, Romance, Shoujo, Supernatural",TV,24,7.38,38336
105,Boys Be...,"Comedy, Romance, Shounen, Slice of Life",TV,13,6.59,15026
106,Hana yori Dango,"Drama, Romance, School, Shoujo",TV,51,7.9,28341
107,Ou Dorobou Jing,"Adventure, Comedy, Fantasy, Sci-Fi, Shounen",TV,13,7.34,21920
108,Ou Dorobou Jing in Seventh Heaven,"Adventure, Comedy, Fantasy, Psychological, Shounen",OVA,3,7.43,8561
109,Bakuretsu Tenshi,"Adventure, Comedy, Mecha, Sci-Fi",TV,24,6.94,48551
110,Chuuka Ichiban!,"Action, Comedy, Drama, Shounen",TV,52,7.69,8586
111,Corrector Yui,"Adventure, Comedy, Magic, Sci-Fi",TV,52,6.9,7411
112,Chou Henshin Cosprayers,"Action, Adventure, Comedy, Ecchi, Fantasy, Magic, Sci-Fi, Super Power",TV,8,5.11,5555
113,Uchuu no Stellvia,"Action, Romance, Sci-Fi, Space",TV,26,7.49,15471
114,Sakigake!! Cromartie Koukou,"Comedy, School, Shounen",TV,26,8.02,67254
115,El Hazard: The Alternative World,"Adventure, Comedy, Fantasy",TV,13,6.94,7131
116,El Hazard: The Wanderers,"Adventure, Comedy, Fantasy, Romance",TV,26,7.1,9289
117,El Hazard: The Magnificent World,"Adventure, Comedy, Fantasy, Romance",OVA,7,7.44,10130
118,El Hazard 2: The Magnificent World,"Adventure, Comedy, Fantasy",OVA,4,6.99,5771
119,Final Approach,"Comedy, Drama, Romance, Slice of Life",TV,13,6.69,24902
120,Fruits Basket,"Comedy, Drama, Fantasy, Romance, Shoujo, Slice of Life",TV,26,7.8,242553
121,Fullmetal Alchemist,"Action, Adventure, Comedy, Drama, Fantasy, Magic, Military, Shounen",TV,51,8.33,600384
122,Full Moon wo Sagashite,"Comedy, Drama, Music, Romance, Shoujo, Supernatural",TV,52,8.08,59374
123,Fushigi Yuugi,"Adventure, Comedy, Drama, Fantasy, Historical, Magic, Martial Arts, Romance, Shoujo",TV,52,7.77,61622
124,Fushigi Yuugi: Eikouden,"Adventure, Drama, Fantasy, Romance, Shoujo",OVA,4,7,11740
125,Futakoi,"Comedy, Romance, School",TV,13,6.64,23968
126,Futakoi Alternative,"Comedy, Drama, Romance",TV,13,7.02,21516
127,Gate Keepers,"Action, Comedy, Fantasy, Mecha, Sci-Fi, Shounen",TV,24,7.07,14582
128,Gate Keepers 21,"Action, Drama, Mecha, Sci-Fi, Shounen",OVA,6,6.9,7363
129,Gensoumaden Saiyuuki,"Adventure, Comedy, Drama, Shounen, Supernatural",TV,50,7.71,31179
130,Saiyuuki Reload,"Action, Adventure, Comedy, Drama, Fantasy, Shoujo",TV,25,7.54,16298
131,Saiyuuki Reload Gunlock,"Action, Adventure, Comedy, Fantasy, Shoujo",TV,26,7.56,11233
132,GetBackers,"Action, Comedy, Drama, Mystery, Shounen, Super Power, Supernatural",TV,49,7.73,73536
133,Green Green,"Comedy, Ecchi, Romance, School, Slice of Life",TV,12,6.44,80562
134,Gunslinger Girl,"Action, Drama, Military, Psychological, Sci-Fi",TV,13,7.55,106865
135,Hikaru no Go,"Comedy, Game, Shounen, Supernatural",TV,75,8.19,69000
136,Hunter x Hunter,"Action, Adventure, Shounen, Super Power",TV,62,8.48,166255
137,Hunter x Hunter OVA,"Action, Adventure, Shounen, Super Power",OVA,8,8.41,53168
138,Hunter x Hunter: Greed Island,"Action, Adventure, Shounen, Super Power",OVA,8,8.33,57029
139,Hunter x Hunter: Greed Island Final,"Action, Adventure, Shounen, Super Power",OVA,14,8.41,55787
141,Jinki:Extend,"Mecha, Sci-Fi",TV,12,6.29,7496
142,Kamikaze Kaitou Jeanne,"Adventure, Comedy, Demons, Drama, Fantasy, Magic, Mystery, Romance, Shoujo",TV,44,7.52,31081
143,Kannazuki no Miko,"Drama, Magic, Mecha, Romance, Shoujo Ai, Shounen, Supernatural",TV,12,7.05,42927
144,Kanon,"Drama, Romance, Slice of Life, Supernatural",TV,13,7.27,41960
145,Kareshi Kanojo no Jijou,"Comedy, Drama, Romance, School, Shoujo, Slice of Life",TV,26,7.66,94165
146,Kono Minikuku mo Utsukushii Sekai,"Comedy, Drama, Magic, Romance, Sci-Fi",TV,12,6.92,41756
147,Kimi ga Nozomu Eien,"Drama, Romance, Slice of Life",TV,14,7.41,90379
148,Kita e.: Diamond Dust Drops,"Drama, Romance, Slice of Life",TV,12,6.77,5736
149,Loveless,"Action, Drama, Fantasy, Mystery, Romance, Shoujo, Shounen Ai, Supernatural",TV,12,7.19,85554
150,Blood+,"Action, Drama, Horror, Military, Mystery, Supernatural, Vampire",TV,50,7.8,208321
151,Re: Cutie Honey,"Action, Comedy, Ecchi, Sci-Fi, Shoujo Ai",OVA,3,7.16,10378
152,Solty Rei,"Action, Sci-Fi, Super Power",TV,24,7.38,17943
153,Juuni Kokuki,"Action, Adventure, Fantasy, Magic, Supernatural",TV,45,8.16,66646
154,Shaman King,"Action, Adventure, Comedy, Drama, Shounen, Supernatural",TV,64,7.83,169517
155,X/1999,"Action, Drama, Fantasy, Horror, Magic, Sci-Fi, Supernatural",Movie,1,6.68,23038
156,X,"Action, Drama, Fantasy, Magic, Romance, Shoujo, Super Power",TV,24,7.56,51004
157,Mahou Sensei Negima!,"Comedy, Ecchi, Fantasy, Harem, Magic, Romance, School, Shounen, Super Power, Supernatural",TV,26,7.11,76253
158,Maria-sama ga Miteru,"Drama, Romance, Shoujo, Shoujo Ai, Slice of Life",TV,13,7.48,33989
159,Boukyaku no Senritsu,"Adventure, Fantasy, Horror, Mecha, Psychological, Sci-Fi, Shounen, Space, Supernatural",TV,24,6.44,12169
160,"Ima, Soko ni Iru Boku","Adventure, Drama, Fantasy, Military, Sci-Fi",TV,13,7.81,56839
161,Peace Maker Kurogane,"Action, Comedy, Historical, Samurai, Shounen",TV,24,7.43,35123
162,Pita Ten,"Comedy, Fantasy, Kids, Romance, School, Shounen",TV,26,7.08,16047
163,Power Stone,"Adventure, Comedy, Fantasy, Historical, Shounen",TV,26,6.57,4308
164,Mononoke Hime,"Action, Adventure, Fantasy",Movie,1,8.81,339556
165,RahXephon,"Action, Drama, Mecha, Music, Mystery, Psychological, Romance, Sci-Fi",TV,26,7.55,66751
166,Samurai 7,"Historical, Mecha, Samurai, Sci-Fi",TV,26,7.6,74991
167,Scrapped Princess,"Adventure, Comedy, Drama, Fantasy, Mecha, Sci-Fi, Shounen",TV,24,7.52,54575
168,s.CRY.ed,"Action, Adventure, Drama, Sci-Fi, Super Power",TV,26,7.45,52784
169,Shingetsutan Tsukihime,"Action, Horror, Mystery, Romance, Super Power, Supernatural, Vampire",TV,12,7.1,90713
170,Slam Dunk,"Comedy, Drama, School, Shounen, Sports",TV,101,8.56,82570
171,Strange Dawn,"Adventure, Drama, Fantasy",TV,13,6.59,1865
173,Tactics,"Comedy, Drama, Fantasy, Mystery, Shounen, Super Power",TV,25,7.34,27358
174,Tenjou Tenge,"Action, Comedy, Ecchi, Martial Arts, School, Shounen, Super Power",TV,24,7.1,103449
175,Tokyo Underground,"Action, Adventure, Romance, Sci-Fi, Shounen, Super Power",TV,26,6.74,17920
176,Triangle Heart: Sweet Songs Forever,"Adventure, Romance",OVA,4,6.32,4543
177,Tsubasa Chronicle,"Action, Adventure, Fantasy, Magic, Romance, Shounen, Supernatural",TV,26,7.67,134705
178,Ultra Maniac,"Comedy, Magic, Romance, School, Shoujo",TV,26,7.3,20062
179,Ultra Maniac OVA,"Comedy, Magic, Romance, School",OVA,1,6.82,3979
180,Vandread,"Action, Ecchi, Mecha, Sci-Fi, Shounen, Space",TV,13,7.33,53360
181,Vandread: The Second Stage,"Action, Ecchi, Mecha, Sci-Fi, Shounen, Space",TV,13,7.54,36264
182,Tenkuu no Escaflowne,"Adventure, Fantasy, Mecha, Romance, Shoujo",TV,26,7.8,83437
183,Whistle!,"School, Shounen, Sports",TV,39,7.53,8040
184,Xenosaga The Animation,"Action, Mecha, Sci-Fi, Shounen, Space",TV,12,6.47,13827
185,Initial D First Stage,"Action, Cars, Drama, Seinen, Sports",TV,26,8.23,68128
186,Initial D Second Stage,"Action, Cars, Drama, Seinen, Sports",TV,13,8.12,45825
187,Initial D Third Stage,"Action, Cars, Drama, Seinen, Sports",Movie,1,7.98,39374
188,Gosenzo San&#039;e,"Comedy, Hentai, Mystery, Supernatural",OVA,4,6.38,1222
189,Love Hina,"Comedy, Ecchi, Harem, Romance, Shounen, Slice of Life",TV,24,7.28,156627
190,Love Hina Again,"Comedy, Drama, Ecchi, Romance, Shounen",OVA,3,7.36,61154
191,Love Hina Christmas Special: Silent Eve,"Comedy, Romance, Slice of Life",Special,1,7.44,45137
192,Love Hina Haru Special: Kimi Sakura Chiru Nakare!!,"Adventure, Comedy, Romance",Special,1,7.31,40858
193,Maburaho,"Comedy, Drama, Ecchi, Harem, Magic, Romance, School",TV,24,7.01,61004
194,Macross Zero,"Adventure, Mecha, Military, Sci-Fi, Shounen",OVA,5,7.69,23568
195,Onegai¡uTeacher,"Comedy, Drama, Romance, School, Sci-Fi",TV,12,7.35,99558
196,Onegai¡uTwins,"Comedy, Drama, Harem, School, Sci-Fi",TV,12,7.05,59164
197,Rizelmine,"Comedy, Ecchi, Romance, School, Sci-Fi",TV,24,6.67,16672
198,Speed Grapher,"Action, Mystery, Super Power",TV,24,7.46,64627
199,Sen to Chihiro no Kamikakushi,"Adventure, Drama, Supernatural",Movie,1,8.93,466254
200,Tenshi na Konamaiki,"Comedy, Magic, Romance, Shounen",TV,50,7.6,15077
201,Video Girl Ai,"Comedy, Drama, Ecchi, Romance",OVA,6,7.31,13970
202,Wolf&#039;s Rain,"Action, Adventure, Drama, Fantasy, Mystery, Sci-Fi",TV,26,7.93,171863
203,Words Worth,"Adventure, Demons, Fantasy, Hentai, Magic",OVA,5,6.9,5080
204,Yumeria,"Action, Comedy, Ecchi, Harem, Super Power",TV,12,6.25,19138
205,Samurai Champloo,"Action, Adventure, Comedy, Historical, Samurai, Shounen",TV,26,8.5,390076
206,Lodoss-tou Senki: Eiyuu Kishi Den,"Action, Adventure, Drama, Fantasy, Magic, Romance",TV,27,7.25,16288
207,Lodoss-tou Senki,"Action, Adventure, Fantasy, Magic, Shounen, Supernatural",OVA,13,7.55,28462
208,R.O.D OVA,"Action, Adventure, Historical, Magic, Mystery, Sci-Fi",OVA,3,7.78,41701
209,R.O.D the TV,"Action, Adventure, Comedy, Drama, Sci-Fi, Super Power",TV,26,7.64,47053
210,Ranma ?,"Comedy, Fantasy, Martial Arts, Slice of Life",TV,161,7.87,105212
211,Pure Mail,Hentai,OVA,2,6.37,1911
212,Project A-Ko,"Action, Adventure, Comedy, Mecha, Sci-Fi, Super Power",Movie,1,7.02,7846
213,Pia Carrot e Youkoso!!,"Comedy, Hentai, Romance",OVA,3,6.19,2108
214,Pia Carrot e Youkoso!! 2,"Comedy, Hentai, Romance",OVA,3,6.39,1408
215,Pia Carrot e Youkoso!! 2 DX,"Comedy, Romance",OVA,6,6.52,1425
216,Pia Carrot e Youkoso!!: Sayaka no Koi Monogatari,"Comedy, Romance",Movie,1,6.11,1804
217,Shin Angel,"Comedy, Drama, Hentai, Romance",OVA,5,6.49,1420
218,Kidou Senkan Nadesico,"Action, Comedy, Mecha, Military, Parody, Romance, Sci-Fi, Shounen, Space",TV,26,7.6,27976
219,Kidou Senkan Nadesico: The Prince of Darkness,"Action, Comedy, Drama, Mecha, Psychological, Sci-Fi, Shounen, Space",Movie,1,6.9,9738
220,Kuro no Danshou,"Hentai, Horror",OVA,4,6.05,1388
221,Mezzo Forte,"Action, Comedy, Hentai, Sci-Fi",OVA,2,6.75,14651
222,Mezzo DSA,"Action, Adventure, Comedy, Mystery, Sci-Fi",TV,13,6.78,11750
223,Dragon Ball,"Adventure, Comedy, Fantasy, Martial Arts, Shounen, Super Power",TV,153,8.16,316102
225,Dragon Ball GT,"Action, Adventure, Comedy, Fantasy, Magic, Sci-Fi, Shounen, Super Power",TV,64,6.72,226625
226,Elfen Lied,"Action, Drama, Horror, Psychological, Romance, Seinen, Supernatural",TV,13,7.85,623511
227,FLCL,"Action, Comedy, Dementia, Mecha, Parody, Sci-Fi",OVA,6,8.06,305165
228,Jigoku Shoujo,"Horror, Mystery, Psychological, Supernatural",TV,26,7.79,172415
229,Ninin ga Shinobuden,"Comedy, Martial Arts, Parody",TV,12,7.03,23125
230,Air Master,"Action, Comedy, Martial Arts, Seinen",TV,27,7.14,22433
231,Asagiri no Miko,"Action, Comedy, Drama, Fantasy, Magic, School, Sci-Fi, Shounen, Slice of Life, Super Power, Supernatural",TV,26,6.31,4721
232,Cardcaptor Sakura,"Adventure, Comedy, Drama, Fantasy, Magic, Romance, School, Shoujo",TV,70,8.18,181249
233,Daa! Daa! Daa!,"Comedy, Sci-Fi, Shoujo",TV,78,7.81,12673
234,Dan Doh!!,"Adventure, Shounen, Sports",TV,26,6.82,2351
235,Detective Conan,"Adventure, Comedy, Mystery, Police, Shounen",TV,Unknown,8.25,114702
236,E&#039;s Otherwise,"Adventure, Comedy, Drama, Military, Sci-Fi, Shounen, Supernatural",TV,26,6.75,11704
237,Eureka Seven,"Adventure, Drama, Mecha, Romance, Sci-Fi",TV,50,8.19,239570
238,Rekka no Honoo,"Action, Adventure, Martial Arts, Shounen, Super Power",TV,42,7.44,35258
239,Gankutsuou,"Drama, Mystery, Sci-Fi, Supernatural, Thriller",TV,24,8.27,103828
240,Genshiken,"Comedy, Parody, Slice of Life",TV,12,7.76,104258
241,Girls Bravo: First Season,"Comedy, Ecchi, Fantasy, Harem, Romance, School",TV,11,6.69,84395
242,Gokusen,"Comedy, Drama, Josei, School, Slice of Life",TV,13,7.48,22009
243,Gravitation,"Comedy, Music, Romance, Shoujo, Shounen Ai",TV,13,7.26,67916
244,Agatha Christie no Meitantei Poirot to Marple,"Historical, Mystery",TV,39,6.95,3933
245,Great Teacher Onizuka,"Comedy, Drama, School, Shounen, Slice of Life",TV,43,8.77,268487
246,Groove Adventure Rave,"Adventure, Comedy, Fantasy, Romance, Shounen",TV,51,7.45,56353
247,Harukanaru Toki no Naka de: Hachiyou Shou,"Demons, Fantasy, Historical, Magic, Shoujo, Supernatural",TV,26,7.18,14550
248,Ichigo 100%,"Comedy, Ecchi, Harem, Romance, Shounen",TV,12,6.84,67310
249,InuYasha,"Action, Adventure, Comedy, Demons, Fantasy, Magic, Romance, Shounen, Supernatural",TV,167,7.89,281632
250,Konjiki no Gash Bell!!,"Adventure, Comedy, Magic, Shounen, Supernatural",TV,150,7.66,51403
251,Kyou kara Maou!,"Adventure, Comedy, Demons, Fantasy, Shoujo",TV,78,7.88,58150
252,Madlax,"Drama, Magic, Military, Mystery, Psychological, Shounen, Supernatural",TV,26,7.17,25995
253,Jungle wa Itsumo Hare nochi Guu,"Comedy, School, Slice of Life",TV,26,7.97,22214
254,Jungle wa Itsumo Hare nochi Guu Deluxe,"Comedy, Slice of Life",OVA,6,7.95,8847
255,Jungle wa Itsumo Hare nochi Guu Final,"Comedy, Slice of Life",OVA,7,7.78,7576
256,Hoshi no Koe,"Drama, Mecha, Romance, Sci-Fi, Space",OVA,1,7.53,85492
257,Ikkitousen,"Ecchi, Martial Arts, School, Super Power",TV,13,6.62,88969
258,Hitsuji no Uta,"Drama, Horror, Vampire",OVA,4,6.43,10574
259,Happy¡uLesson,"Comedy, Harem, Romance, School",OVA,5,6.76,8067
260,Happy¡uLesson (TV),"Comedy, Drama, Harem, Romance, Slice of Life",TV,13,6.81,17109
261,Happy¡uLesson: Advance,"Comedy, Harem, Romance, Slice of Life",TV,13,6.97,9989
262,Happy¡uLesson: The Final,"Comedy, Harem, Romance, School",OVA,3,6.96,6371
263,Hajime no Ippo,"Comedy, Drama, Shounen, Sports",TV,75,8.83,157670
264,Hajime no Ippo: Champion Road,"Comedy, Shounen, Sports",Special,1,8.39,47840
265,Hajime no Ippo: Mashiba vs. Kimura,"Comedy, Shounen, Sports",OVA,1,8.28,40623
266,Gunparade March: Arata Naru Kougunka,"Drama, Mecha, Military, Romance, Sci-Fi, Shounen, Slice of Life",TV,12,6.96,9902
267,Gungrave,"Action, Drama, Sci-Fi, Seinen, Super Power",TV,26,7.97,95825
268,Golden Boy,"Adventure, Comedy, Ecchi",OVA,6,8.05,113040
269,Bleach,"Action, Comedy, Shounen, Super Power, Supernatural",TV,366,7.95,624055
270,Hellsing,"Action, Horror, Seinen, Supernatural, Vampire",TV,13,7.64,308995
271,Gad Guard,"Adventure, Mecha, Sci-Fi, Shounen",TV,26,6.82,8315
272,Noir,"Action, Drama, Mystery",TV,26,7.41,66036
273,Mahoutsukai ni Taisetsu na Koto,"Drama, Magic, Shounen, Slice of Life",TV,12,6.87,15152
274,Kiddy Grade,"Action, Ecchi, Mecha, Sci-Fi, Super Power",TV,24,7.31,30766
275,Love?Love?,"Comedy, Ecchi, Harem, Romance",TV,9,6.05,15114
276,Mahoromatic: Automatic Maiden,"Comedy, Ecchi, Military, Romance, Sci-Fi",TV,12,7.29,36656
277,Mahoromatic 2,"Comedy, Drama, Ecchi, Military, Romance, Sci-Fi",TV,14,7.3,21393
278,Viewtiful Joe,"Action, Comedy, Sci-Fi, Shounen",TV,51,6.92,5420
279,Kyougoku Natsuhiko: Kousetsu Hyaku Monogatari,"Fantasy, Historical, Horror, Mystery, Psychological, Supernatural",TV,13,7.27,20859
280,Animal Yokochou,"Adventure, Comedy, Fantasy, Shoujo",TV,51,7.04,1511
281,Akane Maniax,"Comedy, Mecha, Romance",OVA,3,5.83,13988
282,Angel Heart,"Action, Drama, Mystery, Romance, Seinen",TV,50,7.38,9550
283,Akage no Anne,"Drama, Historical, Slice of Life",TV,50,7.6,9460
284,Area 88 (TV),"Action, Drama, Military, Romance, Shounen",TV,12,7.17,7563
285,Argento Soma,"Action, Adventure, Drama, Mecha, Military, Sci-Fi",TV,25,6.94,12809
286,B&#039;T X,"Adventure, Mecha, Sci-Fi, Shounen",TV,25,7.17,5913
287,Grappler Baki (TV),"Shounen, Sports",TV,24,7.41,23220
288,Bakuten Shoot Beyblade,"Action, Adventure, Comedy, Sci-Fi, Shounen, Sports",TV,51,6.81,49467
289,Comic Party,"Comedy, Drama",TV,13,6.68,12988
290,Seikai no Monshou,"Action, Military, Romance, Sci-Fi, Space",TV,13,7.83,26379
291,D.C.S.S: Da Capo Second Season,"Comedy, Drama, Harem, Romance, Supernatural",TV,26,7.15,23364
292,Dear Boys,"Drama, Shounen, Sports",TV,26,6.99,12662
293,Di Gi Charat,"Comedy, Fantasy, Sci-Fi",TV,16,6.85,12227
294,Divergence Eve,"Adventure, Comedy, Drama, Mecha, Military, Sci-Fi, Space",TV,13,6.08,7833
295,Divergence Eve 2: Misaki Chronicles,"Adventure, Drama, Mecha, Military, Sci-Fi, Space",TV,13,6.43,4790
296,Dragon Drive,"Action, Adventure, Comedy, Fantasy, School, Sci-Fi, Shounen",TV,38,6.88,14232
297,Grenadier: Hohoemi no Senshi,"Action, Adventure, Comedy, Ecchi, Shounen",TV,12,6.83,37919
298,.hack//Tasogare no Udewa Densetsu,"Adventure, Comedy, Fantasy, Game, Sci-Fi, Shounen",TV,12,6.75,47679
299,.hack//Liminality,"Game, Mystery, Sci-Fi",OVA,4,6.74,24304
300,3x3 Eyes,"Action, Demons, Fantasy, Horror, Romance",OVA,4,6.97,15683
301,Cinderella Boy,"Action, Adventure, Comedy, Mystery",TV,13,6.38,3246
302,Mirai Shounen Conan,"Adventure, Drama, Sci-Fi",TV,26,8.16,15557
303,Aa! Megami-sama!: Chichaitte Koto wa Benri da ne,"Comedy, Magic, Supernatural",TV,48,7.04,15937
304,Aa! Megami-sama! Movie,"Comedy, Magic, Romance, Seinen, Supernatural",Movie,1,7.65,29330
305,Abashiri Ikka,"Action, Comedy, Shounen",OVA,4,5.64,2000
306,Abenobashi Mahou¡uShoutengai,"Comedy, Ecchi, Fantasy, Parody",TV,13,7.38,47752
307,Kerokko Demetan,"Comedy, Fantasy, Kids",TV,39,6.04,533
308,Zettai Shounen,"Drama, Fantasy, Mystery, Sci-Fi, Shounen",TV,26,7.06,11165
309,Akahori Gedou Hour Rabuge,"Comedy, Magic, Parody",TV,13,6.3,3271
310,"Chiisana Obake Acchi, Kocchi, Socchi","Comedy, Supernatural",TV,50,6.17,1226
311,Ace wo Nerae!,"Drama, Romance, School, Shoujo, Sports",TV,26,7.08,3945
312,Ace wo Nerae!: Final Stage,"Action, Drama, Sports",OVA,12,6.61,714
313,Ace wo Nerae! (1979),"Drama, Romance, School, Shoujo, Sports",Movie,1,6.95,1564
314,Ace wo Nerae! 2,"Drama, Shoujo, Sports",OVA,13,6.81,890
315,Xiao Qian,"Action, Drama, Fantasy, Romance",Movie,1,6.76,1823
316,Nageki no Kenkou Yuuryouji,"Comedy, Hentai, Yuri",OVA,3,6.4,2594
317,Final Fantasy VII: Advent Children,"Action, Fantasy, Super Power",Movie,1,7.94,138659
318,Hand Maid May,"Comedy, Ecchi, Harem, Romance, Sci-Fi",TV,10,6.85,17895
319,Happy World!,"Comedy, Ecchi, Fantasy, Romance",OVA,3,6.11,4348
320,A Kite,"Action, Drama, Hentai, Police",OVA,2,6.72,27941
321,Najica Dengeki Sakusen,"Action, Comedy, Ecchi, Sci-Fi",TV,12,6.08,9605
322,Paradise Kiss,"Comedy, Drama, Josei, Romance, Slice of Life",TV,12,7.93,86380
323,Mousou Dairinin,"Drama, Mystery, Police, Psychological, Supernatural, Thriller",TV,13,7.74,137687
324,Mobile Police Patlabor: On Television,"Comedy, Mecha, Police, Sci-Fi",TV,47,7.72,16130
325,Peach Girl,"Drama, Romance, Shoujo, Slice of Life",TV,25,7.16,49508
326,Petshop of Horrors,"Horror, Josei, Mystery, Supernatural",TV,4,7.41,32696
327,Puchi Puri Yuushi,"Comedy, Fantasy, Magic, Shoujo",TV,26,7.54,8030
328,Piano,"Drama, Music, Romance, Shoujo, Slice of Life",TV,10,6.1,5674
329,Planetes,"Drama, Romance, Sci-Fi, Seinen, Space",TV,26,8.38,105044
330,Midori no Hibi,"Comedy, Drama, Ecchi, Romance, Shounen",TV,13,7.45,87938
331,Mahoujin Guru Guru,"Adventure, Comedy, Fantasy, Magic, Shounen",TV,45,7.75,3725
332,Dokidoki Densetsu: Mahoujin Guru Guru,"Adventure, Comedy, Fantasy, Magic, Shounen",TV,38,7.42,1625
333,Mama wa Shougaku 4 Nensei,"Comedy, Drama, Sci-Fi",TV,51,7.31,1711
334,Marmalade Boy,"Comedy, Drama, Romance, Shoujo",TV,76,7.64,24745
335,Matantei Loki Ragnarok,"Comedy, Magic, Mystery, Shounen, Supernatural",TV,26,7.42,25098
336,Ginyuu Mokushiroku Meine Liebe,"Fantasy, Shoujo",TV,13,6.54,9540
337,Psychic Academy,"Comedy, Romance, Supernatural",TV,24,6.36,7751
338,Rose of Versailles,"Adventure, Drama, Historical, Romance, Shoujo",TV,40,8.4,32188
339,Serial Experiments Lain,"Dementia, Drama, Mystery, Psychological, Sci-Fi, Supernatural",TV,13,7.99,215829
340,Mutsu Enmei Ryuu Gaiden: Shura no Toki,"Action, Historical, Martial Arts, Samurai, Shounen",TV,26,7.68,13959
341,Spiral: Suiri no Kizuna,"Drama, Mystery, Shounen",TV,25,7.38,36187
342,Starship Operators,"Drama, Military, Sci-Fi, Space",TV,13,7.1,9704
343,Tsukuyomi: Moon Phase,"Comedy, Fantasy, Romance, Seinen, Vampire",TV,25,7.16,44874
344,Futatsu no Spica,"Drama, School, Sci-Fi, Supernatural",TV,20,7.47,5894
345,Eikoku Koi Monogatari Emma,"Drama, Historical, Romance, Seinen, Slice of Life",TV,12,7.81,23877
346,W: Wish,"Drama, Harem, Romance, School, Slice of Life",TV,13,6.3,10523
347,Wild Arms: Twilight Venom,"Action, Adventure, Fantasy, Magic, Sci-Fi, Vampire",TV,22,6.75,4750
348,Binzume Yousei,"Comedy, Fantasy, Magic, Slice of Life",TV,13,6.55,12852
349,Magical Canan,"Drama, Fantasy, Magic, Supernatural",TV,13,6.42,2942
350,Ojamajo Doremi,"Comedy, Magic",TV,51,7.19,19222
351,Ojamajo Doremi Sharp,"Comedy, Magic, Shoujo",TV,49,7.32,7878
352,Motto! Ojamajo Doremi,"Comedy, Fantasy, Magic, Shoujo",TV,50,7.29,8760
353,Ojamajo Doremi Dokkaan!,"Comedy, Magic, Shoujo",TV,51,7.52,5971
354,UG¡uUltimate Girls,"Comedy, Ecchi, Magic, Sci-Fi",TV,12,5.73,6025
355,Shakugan no Shana,"Action, Drama, Fantasy, Romance, School, Supernatural",TV,24,7.74,297058
356,Fate/stay night,"Action, Fantasy, Magic, Romance, Supernatural",TV,24,7.58,374880
357,Bokusatsu Tenshi Dokuro-chan,"Comedy, Ecchi, Magic",OVA,4,6.85,117080
358,"Iriya no Sora, UFO no Natsu","Drama, Romance, Sci-Fi",OVA,6,7.12,18254
359,I&#039;ll/CKBC,"Action, School, Shounen, Sports",OVA,2,6.52,3425
360,Himiko-den,"Adventure, Drama, Fantasy, Supernatural",TV,12,6.4,3731
361,Memories Off,"Drama, Romance",OVA,3,6.05,4488
362,Memories Off 2nd,"Drama, Romance",OVA,3,6.45,2750
363,Memories Off 3.5,"Drama, Romance",OVA,4,6.45,2321
364,Gallery Fake,"Mystery, Seinen",TV,37,7.62,6806
365,Fake,"Comedy, Mystery, Police, Romance, Shounen Ai",OVA,1,6.68,10926
366,AIKa,"Action, Adventure, Comedy, Ecchi, Sci-Fi",OVA,7,6.04,17545
367,Akazukin Chacha OVA,"Comedy, Fantasy, Magic",OVA,3,7.2,1659
368,Bible Black,Hentai,OVA,6,6.88,31309
369,Boogiepop wa Warawanai: Boogiepop Phantom,"Dementia, Drama, Horror, Mystery, Psychological, Supernatural",TV,12,7.27,47280
370,Burn Up Excess,"Action, Adventure, Comedy, Ecchi, Police, Sci-Fi, Shounen",TV,13,6.71,6402
371,Cardcaptor Sakura Movie 1,"Comedy, Drama, Fantasy, Magic, Shoujo",Movie,1,7.74,56327
372,Cardcaptor Sakura Movie 2: Fuuin Sareta Card,"Comedy, Drama, Fantasy, Magic, Romance, Shoujo",Movie,1,8.28,60637
373,Bannou Bunka Neko-Musume,"Adventure, Comedy, Mecha, Sci-Fi, Seinen",OVA,6,6.8,6122
374,Bannou Bunka Neko-Musume DASH!,"Action, Comedy, Ecchi, Romance, Sci-Fi",OVA,12,6.54,3473
375,Bannou Bunka Neko-Musume (1998),"Action, Adventure, Comedy, Mecha, Sci-Fi, Seinen",TV,12,6.69,4038
376,Elfen Lied Special,"Drama, Ecchi, Horror, Psychological, Supernatural",Special,1,7.34,116129
377,eX-Driver,"Action, Adventure, Cars, Comedy, Sci-Fi, Shounen",OVA,6,6.88,5217
378,eX-Driver the Movie,"Action, Adventure, Cars, Comedy, Sci-Fi, Shounen",Movie,1,6.85,2791
379,Heppoko Jikken Animation Excel?Saga,"Comedy, Parody, Sci-Fi, Shounen",TV,26,7.57,68198
380,Fushigi Yuugi OVA,"Adventure, Comedy, Fantasy, Historical, Romance, Shoujo",OVA,3,7.26,14863
381,Fushigi Yuugi OVA 2,"Adventure, Drama, Fantasy, Historical, Martial Arts, Romance, Shoujo",OVA,6,7.37,13508
382,Futari Ecchi,"Comedy, Ecchi, Romance, Seinen, Slice of Life",OVA,4,6.55,19907
383,Galaxy Angel,"Comedy, Sci-Fi",TV,24,7.14,17601
384,Gantz,"Action, Drama, Horror, Psychological, Sci-Fi, Supernatural",TV,13,7.27,165335
385,Gilgamesh,"Drama, Fantasy, Sci-Fi, Supernatural",TV,26,6.8,25332
386,H2,"Comedy, Romance, Shounen, Sports",TV,41,7.39,4450
387,Haibane Renmei,"Drama, Fantasy, Mystery, Psychological, Slice of Life",TV,13,8.07,120731
388,Capeta,"Cars, Shounen, Sports",TV,52,7.91,9711
389,Karas,"Action, Fantasy, Sci-Fi",OVA,6,7.54,44108
390,Suzuka,"Drama, Romance, Sports",TV,26,7.35,64161
391,Tales of Phantasia The Animation,"Adventure, Fantasy, Shounen",OVA,4,6.96,16455
392,Yuu¡uYuu¡uHakusho,"Action, Comedy, Demons, Fantasy, Martial Arts, School, Shounen",TV,112,8.47,195017
393,Escaflowne,"Adventure, Drama, Fantasy, Mecha, Romance, Sci-Fi, Shoujo",Movie,1,7.19,37379
394,Ai Yori Aoshi: Enishi,"Comedy, Drama, Harem, Romance, Slice of Life",TV,12,7.25,37944
395,Gantz 2nd Stage,"Action, Drama, Horror, Psychological, Sci-Fi, Supernatural",TV,13,7.29,87240
396,Seikai no Senki,"Action, Military, Romance, Sci-Fi, Space",TV,13,7.86,18580
397,Seikai no Senki II,"Action, Military, Romance, Sci-Fi, Space",TV,10,7.97,13888
398,Seikai no Senki III,"Action, Military, Romance, Sci-Fi, Space",OVA,2,7.84,11044
399,Seikai no Senki Special,"Action, Military, Romance, Sci-Fi, Space",Special,1,7.5,2216
400,Seihou Bukyou Outlaw Star,"Action, Adventure, Comedy, Sci-Fi, Space",TV,24,7.98,78600
401,Rurouni Kenshin: Meiji Kenkaku Romantan - Seisou-hen,"Drama, Historical, Romance, Samurai, Shounen",OVA,2,8.1,49454
402,Otogi Juushi Akazukin OVA,"Adventure, Comedy, Fantasy, Magic",OVA,1,6.7,1030
403,Hanaukyou Maid-tai,"Comedy, Ecchi, Harem, Romance",TV,12,6.72,19053
404,Bastard!!: Ankoku no Hakaishin,"Action, Adventure, Comedy, Ecchi, Fantasy, Seinen",OVA,6,6.92,20619
405,Blood: The Last Vampire,"Horror, Supernatural, Vampire",Movie,1,7.01,67778
406,Buzzer Beater,"Shounen, Sports",TV,13,6.73,8439
407,Tantei Gakuen Q,"Comedy, Drama, Mystery, Police, Shounen",TV,45,7.87,16591
408,Final Fantasy VII: Last Order,"Action, Adventure, Drama, Fantasy, Sci-Fi",OVA,1,7.46,48041
411,Gun x Sword,"Action, Adventure, Drama, Mecha, Sci-Fi, Shounen",TV,26,7.38,45921
412,Kore ga Watashi no Goshujinsama,"Comedy, Ecchi, Slice of Life",TV,12,6.69,57646
413,Hametsu no Mars,"Horror, Sci-Fi",OVA,1,2.37,27557
415,Tonari no Yamada-kun,"Comedy, Slice of Life",Movie,1,7.36,16442
416,Kurenai no Buta,"Action, Adventure, Comedy, Drama, Historical, Military, Romance",Movie,1,8.03,74028
417,Ragnarok the Animation,"Action, Fantasy, Magic",TV,26,6.57,32711
418,Ranma ?: Chuugoku Nekonron Daikessen! Okite Yaburi no Gekitou-hen!!,"Adventure, Comedy, Shounen",Movie,1,7.39,13073
419,Samurai Deeper Kyou,"Adventure, Comedy, Historical, Shounen, Supernatural",TV,26,7.02,38580
420,Spriggan,"Adventure, Military, Sci-Fi, Shounen",Movie,1,6.81,13256
421,Stratos 4,"Comedy, Military, Sci-Fi, Shounen",TV,13,6.75,6909
422,Stratos 4 OVA,"Comedy, Military, Sci-Fi, Shounen",OVA,2,6.86,2133
423,Stratos 4 Advance,"Comedy, Military, Sci-Fi, Shounen",OVA,6,6.95,2448
424,Dirty Pair,"Adventure, Comedy, Police, Sci-Fi",TV,24,7.22,9131
425,Shiritsu Araiso Koutougakkou Seitokai Shikkoubu,"Comedy, Shounen Ai, Sports",OVA,2,6.62,4085
426,Final Fantasy,"Action, Adventure, Comedy, Fantasy",OVA,4,6.25,10325
427,Kaleido Star,"Comedy, Drama, Fantasy, Shoujo",TV,51,8.05,42253
428,Kaleido Star: Aratanaru Tsubasa - Extra Stage,"Adventure, Comedy, Drama, Shoujo",OVA,1,7.68,9248
429,Kaleido Star: Legend of Phoenix - Layla Hamilton Monogatari,"Comedy, Drama, Shoujo",OVA,1,8,9268
430,Fullmetal Alchemist: The Conqueror of Shamballa,"Comedy, Drama, Fantasy, Historical, Military, Shounen",Movie,1,7.74,186465
431,Howl no Ugoku Shiro,"Adventure, Drama, Fantasy, Romance",Movie,1,8.74,333186
432,Iria: Zeiram The Animation,"Action, Adventure, Sci-Fi, Space",OVA,6,7.21,10208
433,"Kumo no Mukou, Yakusoku no Basho","Drama, Military, Romance, Sci-Fi",Movie,1,7.89,103975
434,Legend of Lemnear: Kyokuguro no Tsubasa Valkisas,"Action, Adventure, Fantasy",OVA,1,5.66,3367
435,Magic Knight Rayearth,"Adventure, Comedy, Drama, Fantasy, Magic, Mecha, Romance, Shoujo",TV,20,7.53,34141
437,Perfect Blue,"Dementia, Drama, Horror, Psychological",Movie,1,8.23,117565
438,Phantom The Animation,"Action, Drama, Shounen",OVA,3,6.66,9285
439,RG Veda,"Adventure, Drama, Fantasy",OVA,2,6.28,5070
440,Shoujo Kakumei Utena,"Drama, Fantasy, Psychological, Shoujo",TV,39,8.22,77464
441,Shoujo Kakumei Utena: Adolescence Mokushiroku,"Dementia, Drama, Fantasy, Romance, Shoujo",Movie,1,7.59,22219
442,Naruto Movie 1: Dai Katsugeki!! Yuki Hime Shinobu Houjou Dattebayo!,"Adventure, Comedy, Drama, Historical, Shounen, Supernatural",Movie,1,7.17,120571
443,Onegai¡uTeacher: Himitsu na Futari,"Comedy, Ecchi, Romance, Sci-Fi",OVA,1,7.42,32134
444,Maria-sama ga Miteru: Haru,"Drama, Romance, School, Shoujo, Shoujo Ai",TV,13,7.85,14983
445,Tales of Eternia The Animation,"Adventure, Comedy, Fantasy, Romance, Shounen",TV,13,6.32,11582
446,Weis Kreuz Gluhen,"Action, Drama, Shounen",TV,13,6.72,7043
447,Weis Kreuz,"Action, Drama, Shounen",TV,25,6.84,13039
448,Tenjou Tenge: The Ultimate Fight,"Adventure, Drama, Martial Arts, Romance, Shounen, Supernatural",OVA,2,7.18,29039
449,InuYasha: Guren no Houraijima,"Adventure, Comedy, Demons, Drama, Historical, Romance, Shounen, Supernatural",Movie,1,7.62,50008
450,InuYasha: Kagami no Naka no Mugenjo,"Adventure, Demons, Drama, Fantasy, Historical, Romance, Shounen, Supernatural",Movie,1,7.75,54854
451,InuYasha: Tenka Hadou no Ken,"Adventure, Comedy, Demons, Drama, Fantasy, Historical, Romance, Shounen, Supernatural",Movie,1,7.89,51079
452,InuYasha: Toki wo Koeru Omoi,"Adventure, Comedy, Demons, Drama, Fantasy, Historical, Romance, Shounen, Super Power",Movie,1,7.69,51354
454,.hack//Gift,"Comedy, Fantasy, Game",OVA,1,6.37,15411
455,Fantastic Children,"Adventure, Fantasy, Mystery, Romance, Sci-Fi",TV,26,7.67,17773
456,Gokujou Seitokai,"Comedy, School, Slice of Life",TV,26,7.06,12234
457,Mushishi,"Adventure, Fantasy, Historical, Mystery, Seinen, Slice of Life, Supernatural",TV,26,8.78,300030
458,Buttobi!! CPU,"Comedy, Ecchi, Magic, Sci-Fi, Seinen",OVA,3,6.44,3968
459,One Piece Movie 1,"Action, Adventure, Comedy, Fantasy, Shounen, Super Power",Movie,1,7.25,46455
460,One Piece Movie 2: Nejimaki-jima no Daibouken,"Action, Adventure, Comedy, Fantasy, Shounen, Super Power",Movie,1,7.33,37792
461,One Piece Movie 3: Chinjuu-jima no Chopper Oukoku,"Action, Adventure, Comedy, Fantasy, Shounen, Super Power",Movie,1,7.18,36558
462,One Piece Movie 4: Dead End no Bouken,"Action, Adventure, Comedy, Fantasy, Shounen, Super Power",Movie,1,7.76,39946
463,One Piece Movie 5: Norowareta Seiken,"Action, Adventure, Comedy, Fantasy, Shounen, Super Power",Movie,1,7.44,35357
464,One Piece Movie 6: Omatsuri Danshaku to Himitsu no Shima,"Adventure, Comedy, Fantasy, Shounen",Movie,1,7.77,37792
465,One Piece Movie 7: Karakuri-jou no Mecha Kyohei,"Adventure, Comedy, Fantasy, Shounen",Movie,1,7.46,33028
466,One Piece: Taose! Kaizoku Ganzack,"Action, Adventure, Comedy, Fantasy, Shounen, Super Power",OVA,1,6.87,17240
467,Ghost in the Shell: Stand Alone Complex,"Action, Mecha, Military, Police, Sci-Fi, Seinen",TV,26,8.47,194491
468,Ghost in the Shell 2: Innocence,"Mecha, Military, Police, Psychological, Sci-Fi",Movie,1,7.93,85714
469,Karin,"Comedy, Romance, School, Shounen, Vampire",TV,24,7.33,106142
470,Okusama wa Joshikousei (TV),"Comedy, Drama, Romance, Slice of Life",TV,13,6.45,14010
471,To Heart 2,"Comedy, Drama, Harem, Romance, School, Slice of Life",TV,13,6.65,13877
472,To Heart,"Drama, Harem, Romance, School, Slice of Life",TV,13,6.7,16757
473,Tide-Line Blue,"Action, Adventure, Drama, Military, Shounen",TV,12,6.77,4670
474,Macross Plus,"Drama, Mecha, Military, Romance, Sci-Fi, Space",OVA,4,7.82,23138
475,Hotori: Tada Saiwai wo Koinegau,"Drama, Sci-Fi",Movie,1,7.14,3701
476,Ginban Kaleidoscope,"Drama, Romance, Sports",TV,12,7.48,29837
477,Aria The Animation,"Fantasy, Sci-Fi, Shounen, Slice of Life",TV,13,7.79,76913
478,Sousei no Aquarion,"Action, Mecha, Romance, Sci-Fi, Super Power, Supernatural",TV,26,7.2,46647
479,The Law of Ueki,"Adventure, Comedy, Drama, Shounen, Supernatural",TV,51,7.88,60027
481,Yu¡uGi¡uOh! Duel Monsters,"Adventure, Game, Shounen",TV,224,7.57,132099
482,Yu¡uGi¡uOh!: Duel Monsters GX,"Action, Comedy, Fantasy, Game, Shounen",TV,180,7.23,74331
483,Kurau Phantom Memory,"Action, Drama, Sci-Fi, Space, Super Power",TV,24,7.46,17463
484,Gensoumaden Saiyuuki Movie: Requiem - Erabarezaru Mono e no Chinkonka,"Adventure, Shounen, Supernatural",Movie,1,7.48,6442
485,Damekko Doubutsu,Comedy,TV,26,7.43,8024
486,Kino no Tabi: The Beautiful World,"Action, Adventure, Slice of Life",TV,13,8.46,102822
487,Girls Bravo: Second Season,"Comedy, Ecchi, Fantasy, Harem, Romance, School",TV,13,6.9,57110
488,Ichigo Mashimaro,"Comedy, Slice of Life",TV,12,7.77,46333
489,Kamichu!,"Comedy, Drama, Slice of Life, Supernatural",TV,12,7.51,33053
490,Paniponi Dash!,"Comedy, Parody, School",TV,26,7.57,38532
492,Armitage III: Dual-Matrix,"Action, Adventure, Mecha, Sci-Fi",Movie,1,7.01,11524
493,Armitage III: Poly-Matrix,"Action, Adventure, Mecha, Military, Police, Romance, Sci-Fi",Movie,1,7.18,9186
495,Bakuretsu Hunters,"Adventure, Comedy, Ecchi, Fantasy, Magic, Shounen, Supernatural",TV,26,6.86,10667
496,Kamui no Ken,"Adventure, Drama, Fantasy, Historical, Shounen",Movie,1,6.72,2776
497,Yami to Boushi to Hon no Tabibito,"Adventure, Ecchi, Fantasy, Magic, Mystery, Shoujo Ai",TV,13,6.73,19237
498,Haja Taisei Dangaiou,"Action, Adventure, Mecha, Sci-Fi",OVA,3,6.27,2350
499,Makai Toshi Shinjuku,"Adventure, Horror, Romance, Shounen, Supernatural",OVA,1,6.36,7293
501,Doraemon,"Adventure, Comedy, Fantasy, Kids, Shounen",TV,26,7.49,9366
502,Dragon Ball Movie 1: Shen Long no Densetsu,"Action, Adventure, Comedy, Fantasy, Shounen, Super Power",Movie,1,7.05,30279
503,Eien no Aselia,"Adventure, Drama, Fantasy",OVA,2,5.67,3132
504,Fatal Fury: The Motion Picture,"Action, Adventure, Drama, Martial Arts, Romance, Shounen",Movie,1,6.75,7101
505,Fushigiboshi no¡uFutagohime,"Comedy, Magic, Shoujo",TV,51,7.45,5074
506,Glass no Kamen,"Drama, Romance, Shoujo",TV,23,7.52,4218
507,Gravitation: Lyrics of Love,"Comedy, Romance, Shoujo, Shounen Ai",OVA,2,7.12,22015
508,Tottoko Hamtarou,"Adventure, Comedy, Kids",TV,296,7.03,29433
509,I My Me! Strawberry Eggs,"Comedy, Drama, Romance, School, Slice of Life",TV,13,6.93,25043
510,Kakyuusei 2: Hitomi no Naka no Shoujo-tachi,"Comedy, Drama, Harem, Romance, School",TV,13,5.99,3334
511,Kidou Shinsengumi Moeyo Ken TV,"Adventure, Comedy, Fantasy, Historical",TV,13,6.33,3424
512,Majo no Takkyuubin,"Adventure, Comedy, Drama, Fantasy, Magic, Romance",Movie,1,8.27,152331
513,Tenkuu no Shiro Laputa,"Adventure, Fantasy, Romance, Sci-Fi",Movie,1,8.38,151061
514,Cossette no Shouzou,"Drama, Horror, Magic, Psychological, Romance, Supernatural",OVA,3,7,40318
515,Hajimari no Boukensha-tachi: Legend of Crystania,"Action, Adventure, Fantasy, Magic, Supernatural",Movie,1,6.15,2893
516,Keroro Gunsou,"Comedy, Sci-Fi, Shounen",TV,358,7.93,31632
517,School Rumble Ichi Gakki Hoshuu,"Comedy, Romance, School, Shounen",OVA,2,7.85,40868
518,Mahou no Princess Minky Momo,"Magic, Shoujo",TV,63,6.79,2229
519,Mahoraba: Heartful days,"Comedy, Drama, Romance, Shounen",TV,26,7.45,16764
520,Marmalade Boy Movie,"Romance, Shoujo",Movie,1,7.5,5641
521,Mermaid Melody Pichi Pichi Pitch,"Adventure, Comedy, Magic, Romance, Shoujo",TV,52,7.11,32296
522,Metropolis,"Adventure, Drama, Police, Romance, Sci-Fi, Shounen",Movie,1,7.62,44030
523,Tonari no Totoro,"Adventure, Comedy, Supernatural",Movie,1,8.48,271484
524,Onegai¡uTwins: Natsu wa Owaranai,"Comedy, Drama, Romance",OVA,1,7.14,22614
525,Otogizoushi,"Adventure, Drama, Fantasy, Historical",TV,26,7.1,10591
526,Boku no Chikyuu wo Mamotte,"Drama, Sci-Fi, Shoujo",OVA,6,7.29,7254
527,Pokemon,"Action, Adventure, Comedy, Fantasy, Kids",TV,276,7.43,229157
528,Pokemon: Mewtwo no Gyakushuu,"Action, Adventure, Comedy, Drama, Fantasy, Kids",Movie,1,7.66,100089
529,Saishuu Heiki Kanojo,"Drama, Romance, School, Sci-Fi",TV,13,7.31,58051
530,Bishoujo Senshi Sailor Moon,"Demons, Magic, Romance, Shoujo",TV,46,7.71,146521
531,Bishoujo Senshi Sailor Moon R: The Movie,"Drama, Magic, Romance, Shoujo",Movie,1,7.78,33682
532,Bishoujo Senshi Sailor Moon S,"Drama, Magic, Romance, Shoujo",TV,38,7.89,66911
